company,location,industry,total_laid_off,percentage_laid_off,date,stage,country,funds_raised
Primer,London,Finance,85,0.33,12/9/2022,Series B,United Kingdom,73
Airtable,SF Bay Area,Product,254,0.2,12/8/2022,Series F,United States,1400
Swiggy,Bengaluru,Food,250,0.03,12/8/2022,Unknown,India,3600
Glints,Singapore,HR,198,0.18,12/8/2022,Series D,Singapore,82
CyCognito,SF Bay Area,Security,30,0.15,12/8/2022,Series C,United States,153
Loft,Sao Paulo,Real Estate,312,0.12,12/7/2022,Unknown,Brazil,788
Plaid,SF Bay Area,Finance,260,0.2,12/7/2022,Series D,United States,734
Motive,SF Bay Area,Transportation,237,0.06,12/7/2022,Series F,United States,567
Relativity,Chicago,Legal,150,0.1,12/7/2022,Private Equity,United States,125
Voi,Stockholm,Transportation,130,0.13,12/7/2022,Series D,United States,515
Integral Ad Science,New York City,Marketing,120,0.13,12/7/2022,Acquired,United States,116
Grover,Berlin,Retail,40,0.1,12/7/2022,Unknown,United States,2300
Lithic,New York City,Finance,27,0.18,12/7/2022,Series C,United States,115
Doma,SF Bay Area,Finance,515,0.4,12/6/2022,IPO,United States,679
BuzzFeed,New York City,Media,180,0.12,12/6/2022,IPO,United States,696
Chipper Cash,SF Bay Area,Finance,50,0.125,12/6/2022,Series C,United States,302
Stash,New York City,Finance,32,0.08,12/6/2022,Unknown,United States,480
Perimeter 81,Tel Aviv,Security,20,0.08,12/6/2022,Series C,Israel,165
Aqua Security,Boston,Security,65,0.1,12/5/2022,Series E,United States,265
Polly,Burlington,Finance,47,0.15,12/2/2022,Series C,United States,184
Carousell,Singapore,Retail,110,0.1,12/1/2022,Private Equity,Singapore,372
Bizzabo,New York City,Marketing,100,0.37,12/1/2022,Series E,United States,194
Netlify,SF Bay Area,Product,48,0.16,12/1/2022,Series D,United States,212
DoorDash,SF Bay Area,Food,1250,0.06,11/30/2022,IPO,United States,2500
Kraken,SF Bay Area,Crypto,1100,0.3,11/30/2022,Unknown,United States,134
Happy Money,Los Angeles,Finance,158,0.34,11/30/2022,Series D,United States,191
Ula,Jakarta,Retail,134,0.23,11/30/2022,Series B,Indonesia,140
Wonder,New York City,Food,130,0.07,11/30/2022,Series B,United States,850
Grin,Sacramento,Marketing,60,0.13,11/30/2022,Series B,United States,145
Ualá,Buenos Aires,Finance,53,0.03,11/30/2022,Series D,Argentina,544
Teachmint,Bengaluru,Education,45,0.05,11/30/2022,Series B,India,118
Lyst,London,Retail,50,0.25,11/29/2022,Unknown,United Kingdom,144
CoinJar,Melbourne,Crypto,10,0.2,11/29/2022,Unknown,Australia,1
Infarm,Berlin,Other,500,0.5,11/28/2022,Series D,Germany,604
Wildlife Studios,Sao Paulo,Consumer,300,0.2,11/28/2022,Unknown,Brazil,260
ApplyBoard,Waterloo,Education,90,0.06,11/28/2022,Series D,Canada,483
Ajaib,Jakarta,Finance,67,0.08,11/28/2022,Unknown,Indonesia,245
Candy Digital,New York City,Crypto,33,0.33,11/28/2022,Series A,United States,100
ResearchGate,Berlin,Other,25,0.1,11/28/2022,Series D,Germany,87
VerSe Innovation,Bengaluru,Media,150,0.05,11/25/2022,Series J,India,1700
Carwow,London,Transportation,70,0.2,11/25/2022,Unknown,United Kingdom,157
Vendease,Lagos,Food,27,0.09,11/25/2022,Series A,Nigeria,43
Lemon,Buenos Aires,Crypto,100,0.38,11/24/2022,Series A,Argentina,17
Quidax,Lagos,Crypto,20,0.2,11/24/2022,Unknown,Nigeria,3
SIRCLO,Jakarta,Retail,160,0.08,11/22/2022,Series B,Indonesia,92
Trax,Singapore,Retail,80,0.08,11/22/2022,Series E,Singapore,1000
Kitopi,Dubai,Food,93,0.1,11/21/2022,Series C,United States,804
Zomato,Gurugram,Food,100,0.04,11/19/2022,Series J,India,914
Carvana,Phoenix,Transportation,1500,0.08,11/18/2022,IPO,United States,1600
Nuro,SF Bay Area,Transportation,300,0.2,11/18/2022,Series D,United States,2100
Synthego,SF Bay Area,Healthcare,105,0.2,11/18/2022,Series E,United States,459
Roku,SF Bay Area,Media,200,0.07,11/17/2022,IPO,United States,208
Juni,Gothenburg,Finance,72,0.33,11/17/2022,Unknown,Sweden,281
Capitolis,New York City,Finance,37,0.25,11/17/2022,Series D,United States,281
TealBook,Toronto,Other,34,0.19,11/17/2022,Series B,Canada,73
Koho,Toronto,Finance,15,0.04,11/17/2022,Series D,Canada,278
&Open,Dublin,Marketing,9,0.09,11/17/2022,Series A,Ireland,35
Amazon,Seattle,Retail,10000,0.03,11/16/2022,IPO,United States,108
Cisco,SF Bay Area,Infrastructure,4100,0.05,11/16/2022,IPO,United States,2
Twiga,Nairobi,Food,211,0.21,11/16/2022,Series C,Kenya,157
Wayflyer,Dublin,Marketing,200,0.4,11/16/2022,Unknown,Ireland,889
SimilarWeb,New York City,Other,120,0.1,11/16/2022,IPO,United States,235
Salsify,Boston,Retail,90,0.11,11/16/2022,Series F,United States,452
Lokalise,Dover,Other,76,0.23,11/16/2022,Series B,United States,56
Yotpo,New York City,Marketing,70,0.09,11/16/2022,Unknown,United States,436
UiPath,New York City,Data,241,0.06,11/15/2022,IPO,United States,2000
Asana,SF Bay Area,Other,180,0.09,11/15/2022,IPO,United States,453
OwnBackup,New York City,Security,170,0.17,11/15/2022,Series E,United States,507
Deliveroo Australia,Melbourne,Food,120,1,11/15/2022,IPO,Australia,1700
Jimdo,Hamburg,Other,50,0.16,11/15/2022,Unknown,Germany,28
CaptivateIQ,SF Bay Area,Sales,31,0.1,11/15/2022,Series C,United States,164
Illumina,San Diego,Healthcare,500,0.05,11/14/2022,IPO,United States,28
iFit,Logan,Fitness,300,0.2,11/14/2022,Private Equity,United States,200
Ribbon,New York City,Real Estate,170,0.85,11/14/2022,Series C,United States,405
Pipedrive,Tallin,Sales,143,0.15,11/14/2022,Private Equity,Estonia,90
Intercom,SF Bay Area,Support,124,0.13,11/14/2022,Series D,United States,240
Pear Therapeutics,Boston,Healthcare,59,0.22,11/14/2022,IPO,United States,409
Cloudinary,SF Bay Area,Media,40,0.08,11/14/2022,Unknown,United States,100
Veev,SF Bay Area,Real Estate,100,0.3,11/11/2022,Series D,United States,597
GoTo Group,Jakarta,Transportation,1300,0.12,11/10/2022,IPO,Indonesia,1300
Juul,SF Bay Area,Consumer,400,0.3,11/10/2022,Unknown,United States,1500
Blend,SF Bay Area,Finance,100,0.06,11/10/2022,IPO,United States,665
SoundHound,SF Bay Area,Other,45,0.1,11/10/2022,IPO,United States,326
Ocavu,Lehi,Crypto,20,0.48,11/10/2022,Series A,United States,11
Meta,SF Bay Area,Consumer,11000,0.13,11/9/2022,IPO,United States,26000
Redfin,Seattle,Real Estate,862,0.13,11/9/2022,IPO,United States,320
Flyhomes,Seattle,Real Estate,300,0.4,11/9/2022,Series C,United States,310
Root Insurance,Columbus,Finance,137,0.2,11/9/2022,IPO,United States,527
Liftoff,SF Bay Area,Marketing,130,0.15,11/9/2022,Acquired,United States,6
Plum,Bengaluru,Healthcare,36,0.1,11/9/2022,Series A,India,20
Kabam,SF Bay Area,Consumer,35,0.07,11/9/2022,Acquired,United States,244
Repertoire Immune Medicines,Boston,Healthcare,65,0.5,11/8/2022,Series B,United States,257
Salesforce,SF Bay Area,Sales,1000,0.01,11/7/2022,IPO,United States,65
Unacademy,Bengaluru,Education,350,0.1,11/7/2022,Series H,India,838
Zendesk,SF Bay Area,Support,350,0.05,11/7/2022,Acquired,United States,85
Dock,Sao Paulo,Finance,190,0.12,11/7/2022,Private Equity,Brazil,280
Varonis,New York City,Security,110,0.05,11/6/2022,IPO,United States,30
Twitter,SF Bay Area,Consumer,3700,0.5,11/4/2022,IPO,United States,12900
Planetly,Berlin,Other,200,1,11/4/2022,Acquired,Germany,5
KoinWorks,Jakarta,Finance,70,0.08,11/4/2022,Unknown,Indonesia,180
Stripe,SF Bay Area,Finance,1000,0.14,11/3/2022,Series H,United States,2300
Lyft,SF Bay Area,Transportation,700,0.13,11/3/2022,IPO,United States,4900
Pleo,Copenhagen,Finance,150,0.15,11/3/2022,Series C,United States,428
Shippo,SF Bay Area,Logistics,60,0.2,11/3/2022,Series E,United States,154
Opendoor,SF Bay Area,Real Estate,550,0.18,11/2/2022,IPO,United States,1900
Chime,SF Bay Area,Finance,156,0.12,11/2/2022,Series G,United States,2300
Chargebee,SF Bay Area,Finance,142,0.1,11/2/2022,Series H,United States,468
Dapper Labs,Vancouver,Crypto,134,0.22,11/2/2022,Series D,United States,607
Checkmarx,Tel Aviv,Security,100,0.1,11/2/2022,Series C,Israel,92
Smava,Berlin,Finance,100,0.15,11/2/2022,Unknown,Germany,188
Iron Ox,SF Bay Area,Food,50,0.5,11/2/2022,Series C,United States,103
Upstart,SF Bay Area,Finance,140,0.07,11/1/2022,IPO,United States,144
Gem,SF Bay Area,Recruiting,100,0.33,11/1/2022,Series C,United States,148
Oda,Oslo,Food,70,0.18,11/1/2022,Unknown,Sweden,377
Oda,Oslo,Food,70,0.18,11/1/2022,Unknown,Norway,477
Oda,Oslo,Food,70,0.06,11/1/2022,Unknown,Norway,479
Hootsuite,Vancouver,Marketing,50,0.05,11/1/2022,Series C,Canada,300
Kry,Stockholm,Healthcare,300,0.1,10/31/2022,Series D,Sweden,568
EquityZen,New York City,Finance,30,0.27,10/31/2022,Series B,United States,11
Equitybee,SF Bay Area,Finance,25,0.2,10/31/2022,Series B,United States,85
Fifth Season,Pittsburgh,Food,100,1,10/28/2022,Series B,United States,35
RenoRun,Montreal,Construction,210,0.43,10/27/2022,Series B,Canada,163
Recharge,Los Angeles,Finance,84,0.17,10/27/2022,Series B,United States,277
MindBody,San Luis Obispo,Fitness,400,0.15,10/26/2022,IPO,United States,114
Zillow,Seattle,Real Estate,300,0.05,10/26/2022,IPO,United States,97
Cybereason,Boston,Security,200,0.17,10/26/2022,Series F,United States,750
Argo AI,Pittsburgh,Transportation,173,1,10/26/2022,Unknown,United States,3600
Fundbox,SF Bay Area,Finance,150,0.42,10/25/2022,Series D,United States,553
Embroker,SF Bay Area,Finance,30,0.12,10/25/2022,Series C,United States,142
Vee,Tel Aviv,HR,17,0.5,10/25/2022,Seed,Israel,15
Cerebral,SF Bay Area,Healthcare,400,0.2,10/24/2022,Series C,United States,462
Snyk,Boston,Security,198,0.14,10/24/2022,Series F,United States,849
OrCam,Jerusalem,Healthcare,62,0.16,10/23/2022,Unknown,Israel,86
Antidote Health,Tel Aviv,Healthcare,23,0.38,10/23/2022,Unknown,Israel,36
Khoros,Austin,Sales,120,0.1,10/21/2022,Private Equity,United States,138
Elinvar,Berlin,Finance,43,0.33,10/21/2022,Unknown,Germany,30
Synapsica,New Delhi,Healthcare,30,0.3,10/21/2022,Series A,India,4
Hotmart,Belo Horizonte,Marketing,227,0.12,10/20/2022,Series C,Brazil,127
Zeus Living,SF Bay Area,Real Estate,64,0.46,10/20/2022,Series C,United States,151
Loom,SF Bay Area,Product,23,0.11,10/20/2022,Series C,United States,203
AtoB,SF Bay Area,Finance,32,0.3,10/19/2022,Series B,United States,177
InfoSum,London,Security,20,0.12,10/19/2022,Series B,United Kingdom,88
Faire,SF Bay Area,Retail,84,0.07,10/18/2022,Series G,United States,1700
Leafly,Seattle,Retail,56,0.21,10/18/2022,IPO,United States,71
Flipboard,SF Bay Area,Media,24,0.21,10/16/2022,Unknown,United States,235
Beyond Meat,Los Angeles,Food,200,0.19,10/14/2022,IPO,United States,122
Playdots,New York City,Consumer,65,1,10/13/2022,Acquired,United States,10
Byju's,Bengaluru,Education,2500,0.05,10/12/2022,Private Equity,India,5500
6sense,SF Bay Area,Sales,150,0.1,10/12/2022,Series E,United States,426
FrontRow,Bengaluru,Education,130,0.75,10/12/2022,Series A,India,17
Noom,New York City,Healthcare,500,0.1,10/11/2022,Series F,United States,657
Brex,SF Bay Area,Finance,136,0.11,10/11/2022,Series D,United States,1500
Pacaso,SF Bay Area,Real Estate,100,0.3,10/11/2022,Series C,United States,217
Udacity,SF Bay Area,Education,55,0.13,10/11/2022,Unknown,United States,235
Linkfire,Copenhagen,Marketing,35,0.35,10/11/2022,Seed,Denmark,2
Momentive,SF Bay Area,Marketing,180,0.11,10/10/2022,IPO,United States,1100
Pavilion Data,SF Bay Area,Infrastructure,96,0.96,10/10/2022,Series D,United States,103
Redesign Health,New York City,Healthcare,67,0.2,10/10/2022,Series C,United States,315
BioMarin,SF Bay Area,Healthcare,120,0.04,10/7/2022,IPO,United States,585
Crypto.com,Singapore,Crypto,2000,0.3,10/6/2022,Unknown,Singapore,156
Peloton,New York City,Fitness,500,0.12,10/6/2022,IPO,United States,1900
Impossible Foods,SF Bay Area,Food,50,0.06,10/6/2022,Series H,United States,1900
Built In,Chicago,Recruiting,50,0.25,10/5/2022,Series C,United States,29
Homie,Salt Lake City,Real Estate,40,0.13,10/4/2022,Series B,United States,35
Spin,SF Bay Area,Transportation,78,0.1,9/30/2022,Acquired,United States,8
Mux,SF Bay Area,Infrastructure,40,0.2,9/29/2022,Series D,United States,173
DocuSign,SF Bay Area,Sales,671,0.09,9/28/2022,IPO,United States,536
Divvy Homes,SF Bay Area,Real Estate,40,0.12,9/27/2022,Series B,United States,180
Moss,Berlin,Finance,70,0.15,9/23/2022,Series B,Germany,150
Foxtrot,Chicago,Food,26,0.035,9/23/2022,Series C,United States,166
Truiloo,Vancouver,Security,24,0.05,9/23/2022,Series D,Canada,474
NYDIG,New York City,Crypto,110,0.33,9/22/2022,Private Equity,United States,1400
Kitty Hawk,SF Bay Area,Aerospace,100,1,9/21/2022,Unknown,United States,1
Ada,Toronto,Support,78,0.16,9/20/2022,Series C,Canada,190
99,Sao Paulo,Transportation,75,0.02,9/20/2022,Acquired,Brazil,244
Vesalius Therapeutics,Boston,Healthcare,29,0.43,9/19/2022,Series B,United States,75
Clear,Bengaluru,Finance,190,0.2,9/16/2022,Series C,India,140
TrueLayer,London,Finance,40,0.1,9/16/2022,Series E,United States,271
LivePerson,New York City,Support,193,0.11,9/15/2022,IPO,United States,42
Acast,Stockholm,Media,70,0.15,9/15/2022,IPO,Sweden,126
WorkRamp,SF Bay Area,HR,35,0.2,9/15/2022,Series C,United States,67
Twilio,SF Bay Area,Other,800,0.11,9/14/2022,IPO,United States,614
Pitch,Berlin,Marketing,59,0.3,9/14/2022,Series B,Germany,137
Infarm,Berlin,Other,50,0.05,9/14/2022,Series D,Germany,604
Rubius,Boston,Healthcare,160,0.75,9/13/2022,IPO,United States,445
Checkout.com,London,Finance,100,0.05,9/13/2022,Series D,United Kingdom,1800
Taboola,New York City,Marketing,100,0.06,9/13/2022,IPO,United States,445
Patreon,SF Bay Area,Media,80,0.17,9/13/2022,Series F,United States,413
Compete,Tel Aviv,HR,11,0.28,9/12/2022,Series A,Israel,17
Pomelo Fashion,Bangkok,Retail,55,0.08,9/8/2022,Unknown,Thailand,120
Simple Feast,Copenhagen,Food,150,1,9/7/2022,Unknown,Denmark,173
Intercom,SF Bay Area,Support,49,0.05,9/7/2022,Series D,United States,240
Pendo,Raleigh,Product,45,0.05,9/7/2022,Series F,United States,469
Demandbase,SF Bay Area,Sales,27,0.03,9/7/2022,Series H,United States,143
Brave Care,Portland,Healthcare,40,0.33,9/6/2022,Series B,United States,42
Lawgeex,Tel Aviv,Legal,30,0.33,9/6/2022,Series C,Israel,41
Kuda,Lagos,Finance,23,0.05,9/2/2022,Series B,Nigeria,91
2TM,Sao Paulo,Crypto,100,0.15,9/1/2022,Unknown,Brazil,250
Innovaccer,SF Bay Area,Healthcare,90,0.08,9/1/2022,Series E,United States,379
Urban Sports Club,Berlin,Fitness,55,0.15,9/1/2022,Unknown,Germany,95
Snap,Los Angeles,Consumer,1280,0.2,8/31/2022,IPO,United States,4900
GoodRx,Los Angeles,Healthcare,140,0.16,8/31/2022,IPO,United States,910
Smava,Berlin,Finance,100,0.1,8/31/2022,Unknown,Germany,188
Hippo Insurance,SF Bay Area,Finance,70,0.1,8/31/2022,IPO,United States,1300
Apartment List,SF Bay Area,Real Estate,29,0.1,8/31/2022,Series D,United States,169
Immersive Labs,Bristol,Security,38,0.1,8/30/2022,Series C,United Kingdom,123
54gene,Washington D.C.,Healthcare,95,0.3,8/29/2022,Series B,United States,44
Argyle,New York City,Finance,20,0.07,8/26/2022,Series B,United States,78
Reali,SF Bay Area,Real Estate,140,1,8/24/2022,Series B,United States,117
Loop,Washington D.C.,Finance,15,0.2,8/24/2022,Series A,United States,24
Tier Mobility,Berlin,Transportation,180,0.16,8/23/2022,Series D,Germany,646
Packable,New York City,Retail,138,0.2,8/23/2022,Unknown,United States,472
Q4,Toronto,Other,50,0.08,8/23/2022,Series C,Canada,91
Skedulo,SF Bay Area,HR,31,0.08,8/23/2022,Series C,United States,114
Plato,SF Bay Area,HR,29,0.5,8/23/2022,Seed,United States,3
NSO,Tel Aviv,Security,100,0.14,8/21/2022,Seed,Israel,1
Tufin,Boston,Security,55,0.1,8/21/2022,Acquired,United States,21
Amperity,Seattle,Marketing,13,0.03,8/20/2022,Series D,United States,187
Wayfair,Boston,Retail,870,0.05,8/19/2022,IPO,United States,1700
New Relic,SF Bay Area,Infrastructure,110,0.05,8/18/2022,IPO,United States,214
Wheel,Austin,Healthcare,35,0.17,8/18/2022,Series C,United States,215
Malwarebytes,SF Bay Area,Security,125,0.14,8/17/2022,Series B,United States,80
AlayaCare,Montreal,Healthcare,80,0.14,8/16/2022,Series D,Canada,293
Pliops,Tel Aviv,Data,12,0.09,8/16/2022,Series D,Israel,205
Woven,Indianapolis,HR,5,0.15,8/16/2022,Series A,United States,11
Sema4,Stamford,Healthcare,250,0.13,8/15/2022,IPO,United States,791
Blend,SF Bay Area,Finance,220,0.12,8/15/2022,IPO,United States,665
ContraFect,New York City,Healthcare,16,0.37,8/15/2022,IPO,United States,380
Peloton,New York City,Fitness,784,0.13,8/12/2022,IPO,United States,1900
Truepill,SF Bay Area,Healthcare,175,0.33,8/11/2022,Series D,United States,255
Calm,SF Bay Area,Healthcare,90,0.2,8/11/2022,Series C,United States,218
FourKites,Chicago,Logistics,60,0.08,8/11/2022,Series D,United States,201
Marketforce,Nairobi,Retail,54,0.09,8/11/2022,Series A,Kenya,42
Trybe,Sao Paulo,Education,47,0.1,8/10/2022,Series B,Brazil,40
Permutive,London,Marketing,30,0.12,8/10/2022,Series C,United Kingdom,105
GoHealth,Chicago,Healthcare,800,0.2,8/9/2022,IPO,United States,75
Hootsuite,Vancouver,Marketing,400,0.3,8/9/2022,Series C,Canada,300
Nutanix,SF Bay Area,Infrastructure,270,0.04,8/9/2022,IPO,United States,1100
Quanterix,Boston,Healthcare,130,0.25,8/9/2022,IPO,United States,533
MadeiraMadeira,Curitiba,Retail,60,0.03,8/9/2022,Series E,Brazil,338
Linktree,Melbourne,Consumer,50,0.17,8/9/2022,Unknown,Australia,165
Shogun,SF Bay Area,Retail,48,0.3,8/9/2022,Series C,United States,114
Groupon,Chicago,Retail,500,0.15,8/8/2022,IPO,United States,1400
Loggi,Sao Paulo,Logistics,500,0.15,8/8/2022,Series F,Brazil,507
Perion,Tel Aviv,Marketing,20,0.05,8/8/2022,IPO,Israel,76
iRobot,Boston,Consumer,140,0.1,8/5/2022,Acquired,United States,30
RenoRun,Montreal,Construction,70,0.12,8/5/2022,Series B,Canada,163
Mejuri,Toronto,Retail,50,0.1,8/5/2022,Series B,Canada,28
Uberflip,Toronto,Marketing,31,0.17,8/5/2022,Series A,Canada,42
Doma,SF Bay Area,Finance,250,0.13,8/4/2022,IPO,United States,679
Jam City,Los Angeles,Consumer,200,0.17,8/4/2022,Unknown,United States,652
10X Genomics,SF Bay Area,Healthcare,100,0.08,8/4/2022,IPO,United States,242
LEAD,Mumbai,Education,80,0.04,8/4/2022,Series E,India,166
On Deck,SF Bay Area,Education,73,0.33,8/4/2022,Series A,United States,20
RenoRun,Montreal,Construction,70,0.12,8/4/2022,Series B,Canada,163
Unbounce,Vancouver,Marketing,47,0.2,8/3/2022,Series A,Canada,39
Robinhood,SF Bay Area,Finance,713,0.23,8/2/2022,IPO,United States,5600
Latch,New York City,Security,115,0.37,8/2/2022,IPO,United States,342
Nylas,SF Bay Area,Product,80,0.25,8/2/2022,Series C,United States,175
Outreach,Seattle,Sales,60,0.05,8/2/2022,Series G,United States,489
Sendy,Nairobi,Logistics,54,0.2,8/2/2022,Series B,Kenya,26
Sendy,Nairobi,Logistics,30,0.1,8/2/2022,Series B,Kenya,26
Stedi,Boulder,Product,23,0.3,8/2/2022,Series B,United States,75
Glossier,New York City,Retail,19,0.08,8/2/2022,Series E,United States,266
Hash,Sao Paulo,Finance,58,0.5,8/1/2022,Series C,Brazil,58
Metigy,Sydney,Marketing,75,1,7/31/2022,Series B,Australia,18
Vee,Tel Aviv,HR,16,0.32,7/31/2022,Seed,Israel,15
Clearco,Toronto,Finance,125,0.25,7/29/2022,Series C,Canada,681
Quantcast,SF Bay Area,Marketing,40,0.06,7/29/2022,Series C,United States,65
Career Karma,SF Bay Area,Education,60,0.33,7/28/2022,Series B,United States,51
Metromile,SF Bay Area,Finance,60,0.2,7/28/2022,Acquired,United States,510
Rivian,Detroit,Transportation,840,0.06,7/27/2022,IPO,United States,10700
Vox Media,Washington D.C.,Media,39,0.02,7/27/2022,Series F,United States,307
Coinsquare,Toronto,Crypto,30,0.24,7/27/2022,Unknown,Canada,98
Skai,Tel Aviv,Marketing,30,0.04,7/27/2022,Series E,Israel,60
Shopify,Ottawa,Retail,1000,0.1,7/26/2022,IPO,Canada,122
Fiverr,Tel Aviv,Other,60,0.08,7/26/2022,IPO,Israel,111
InDebted,Sydney,Finance,40,0.17,7/26/2022,Series B,Australia,41
Outbrain,New York City,Marketing,38,0.03,7/26/2022,IPO,United States,394
Dover,SF Bay Area,Recruiting,23,0.3,7/26/2022,Series A,United States,22
Immutable,Sydney,Crypto,20,0.06,7/26/2022,Series C,Australia,279
Pear Therapeutics ,Boston,Healthcare,25,0.09,7/25/2022,IPO,United States,409
Soluto,Tel Aviv,Support,120,1,7/24/2022,Acquired,Israel,18
Eucalyptus,Sydney,Healthcare,50,0.2,7/22/2022,Series C,United States,69
Quanto,Sao Paulo,Finance,28,0.22,7/22/2022,Series A,Brazil,15
Clarify Health,SF Bay Area,Healthcare,15,0.05,7/22/2022,Series D,United States,328
Blockchain.com,London,Crypto,150,0.25,7/21/2022,Series D,United Kingdom,490
WHOOP,Boston,Fitness,95,0.15,7/21/2022,Series F,United States,404
Rad Power Bikes,Seattle,Transportation,63,0.1,7/21/2022,Series D,United States,329
Lunchbox,New York City,Food,60,0.33,7/21/2022,Series B,United States,72
RealSelf,Seattle,Healthcare,11,0.05,7/21/2022,Series B,United States,42
Flyhomes,Seattle,Real Estate,200,0.2,7/20/2022,Series C,United States,310
Lyft,SF Bay Area,Transportation,60,0.02,7/20/2022,IPO,United States,4900
Introhive,Ferdericton,Sales,57,0.16,7/20/2022,Series C,Canada,125
Zencity,Tel Aviv,Other,30,0.2,7/20/2022,Unknown,Israel,51
Forma.ai,Toronto,Sales,15,0.09,7/20/2022,Series B,Canada,58
Olive,Columbus,Healthcare,450,0.31,7/19/2022,Series H,United States,856
Gemini,New York City,Crypto,68,0.07,7/18/2022,Unknown,United States,423
Lusha,New York City,Marketing,30,0.1,7/18/2022,Series B,United States,245
Bright Money,Bengaluru,Finance,100,0.5,7/15/2022,Series A,India,31
Project44,Chicago,Logistics,63,0.05,7/15/2022,Unknown,United States,817
Heroes,London,Retail,24,0.2,7/15/2022,Unknown,United States,265
Zego,London,Finance,85,0.17,7/14/2022,Series C,United Kingdom,202
The Mom Project,Chicago,HR,54,0.15,7/14/2022,Series C,United States,115
Unstoppable Domains,SF Bay Area,Crypto,42,0.25,7/14/2022,Series B,United States,7
Kiavi,SF Bay Area,Real Estate,39,0.07,7/14/2022,Series E,United States,240
Wave,Dakar,Finance,300,0.15,7/13/2022,Series A,Senegal,292
Tonal,SF Bay Area,Fitness,262,0.35,7/13/2022,Series E,United States,450
Fabric,New York City,Logistics,120,0.4,7/13/2022,Series C,United States,336
Bryter,Berlin,Product,100,0.3,7/13/2022,Series B,Germany,89
Involves,Florianópolis,Retail,70,0.18,7/13/2022,Unknown,Brazil,23
Gopuff,Philadelphia,Food,1500,0.1,7/12/2022,Series H,United States,3400
Hubilo,SF Bay Area,Marketing,45,0.12,7/12/2022,Series B,United States,153
Hopin,London,Other,242,0.29,7/11/2022,Series D,United Kingdom,1000
SundaySky,New York City,Marketing,24,0.13,7/11/2022,Series D,United States,74
Butler Hospitality,New York City,Food,1000,1,7/8/2022,Series B,United States,50
Calibrate,New York City,Healthcare,156,0.24,7/8/2022,Series B,United States,127
Argo AI,Pittsburgh,Transportation,150,0.05,7/7/2022,Unknown,United States,3600
Next Insurance,SF Bay Area,Finance,150,0.17,7/7/2022,Series E,United States,881
Emotive,Los Angeles,Marketing,30,0.18,7/7/2022,Series B,United States,78
Remote,SF Bay Area,HR,100,0.09,7/6/2022,Series C,United States,496
Anodot,Tel Aviv,Data,35,0.27,7/6/2022,Series C,United States,64
SQream,New York City,Data,30,0.18,7/6/2022,Series B,United States,77
Loft,Sao Paulo,Real Estate,384,0.12,7/5/2022,Unknown,Brazil,788
Bizzabo,New York City,Marketing,120,0.3,7/5/2022,Series E,United States,194
eToro,Tel Aviv,Finance,100,0.06,7/5/2022,Unknown,Israel,322
Verbit,New York City,Data,80,0.1,7/5/2022,Series E,United States,569
Outschool,SF Bay Area,Education,31,0.18,7/5/2022,Series D,United States,240
Bullish,Hong Kong,Crypto,30,0.08,7/5/2022,Unknown,Hong Kong,300
Transmit Security,Boston,Security,27,0.07,7/5/2022,Series A,United States,583
Thimble,New York City,Finance,20,0.33,7/5/2022,Series A,United States,28
Syte,Tel Aviv,Retail,13,0.08,7/5/2022,Series C,Israel,71
Lightricks,Jerusalem,Consumer,80,0.12,7/4/2022,Series D,Israel,335
Sendle,Sydney,Logistics,27,0.12,7/4/2022,Series C,Australia,69
Lendis,Berlin,Other,18,0.15,7/4/2022,Series A,Germany,90
Celsius,New York City,Crypto,150,0.25,7/3/2022,Series B,United States,864
WanderJaunt,SF Bay Area,Travel,85,1,7/1/2022,Series B,United States,26
Canoo,Los Angeles,Transportation,58,0.06,7/1/2022,IPO,United States,300
Teleport,SF Bay Area,Infrastructure,15,0.06,7/1/2022,Series C,United States,169
Enjoy,SF Bay Area,Retail,400,0.18,6/30/2022,IPO,United States,310
Crejo.Fun,Bengaluru,Education,170,1,6/30/2022,Seed,India,3
Stash Financial,New York City,Finance,40,0.08,6/30/2022,Unknown,United States,480
Nate,New York City,Retail,30,0.2,6/30/2022,Series A,United States,47
Stream,Boulder,Product,20,0.12,6/30/2022,Series B,United States,58
Finleap Connect,Hamburg,Finance,14,0.1,6/30/2022,Series A,Germany,22
Abra,SF Bay Area,Crypto,12,0.05,6/30/2022,Series C,United States,106
Unity,SF Bay Area,Other,200,0.04,6/29/2022,IPO,United States,1300
Niantic,SF Bay Area,Consumer,85,0.08,6/29/2022,Series D,United States,770
Qumulo,Seattle,Data,80,0.19,6/29/2022,Series E,United States,347
Clutch,Toronto,Transportation,76,0.22,6/29/2022,Series B,Canada,153
Oye Rickshaw,New Delhi,Transportation,40,0.2,6/29/2022,Unknown,India,13
Rows,Berlin,Other,18,0.3,6/29/2022,Series B,Germany,25
Baton,SF Bay Area,Transportation,16,0.25,6/29/2022,Series A,United States,13
Substack,SF Bay Area,Media,13,0.14,6/29/2022,Series B,United States,82
Huobi,Beijing,Crypto,300,0.3,6/28/2022,Unknown,China,2
StockX,Detroit,Retail,120,0.08,6/28/2022,Series E,United States,690
Sidecar Health,Los Angeles,Healthcare,110,0.4,6/28/2022,Series C,United States,163
Vezeeta,Dubai,Healthcare,50,0.1,6/28/2022,Series D,United Arab Emirates,71
Bright Machines,SF Bay Area,Data,30,0.08,6/28/2022,Unknown,Israel,250
HealthMatch,Sydney,Healthcare,18,0.5,6/28/2022,Series B,Australia,20
AppLovin,SF Bay Area,Marketing,300,0.12,6/27/2022,IPO,United States,1600
UiPath,New York City,Data,210,0.05,6/27/2022,IPO,United States,2000
Udaan,Bengaluru,Retail,180,0.04,6/27/2022,Unknown,India,1500
Banxa,Melbourne,Crypto,70,0.3,6/27/2022,IPO,Australia,13
SafeGraph,SF Bay Area,Data,27,0.25,6/27/2022,Series B,United States,61
Bitpanda,Vienna,Crypto,270,0.27,6/24/2022,Series C,Austria,546
Sunday,Atlanta,Finance,90,0.23,6/24/2022,Series A,United States,124
Bestow,Dallas,Finance,41,0.14,6/24/2022,Series C,United States,137
Ethos Life,SF Bay Area,Finance,40,0.12,6/24/2022,Series D,United States,406
Netflix,SF Bay Area,Media,300,0.03,6/23/2022,IPO,United States,121900
Aura,Boston,Security,70,0.09,6/23/2022,Series F,United States,500
Pipl,Spokane,Security,22,0.13,6/23/2022,Unknown,United States,19
Vouch,SF Bay Area,Finance,15,0.07,6/23/2022,Series C,United States,159
Voyage SMS,Los Angeles,Marketing,8,0.13,6/23/2022,Unknown,United States,10
MasterClass,SF Bay Area,Education,120,0.2,6/22/2022,Series E,United States,461
IronNet,Washington D.C.,Security,90,0.35,6/22/2022,IPO,United States,410
IronNet,Washington D.C.,Security,55,0.17,6/22/2022,IPO,United States,410
Superpedestrian,Boston,Transportation,35,0.07,6/22/2022,Series C,United States,261
Voi,Stockholm,Transportation,35,0.1,6/22/2022,Series D,United States,515
Ritual,Toronto,Food,23,0.16,6/22/2022,Series C,Canada,134
Ebanx,Curitiba,Finance,340,0.2,6/21/2022,Series B,Brazil,460
TaskUs,Los Angeles,Support,52,0,6/21/2022,IPO,United States,279
Community,Los Angeles,Marketing,40,0.3,6/21/2022,Unknown,United States,40
Sourcegraph,SF Bay Area,Product,24,0.08,6/21/2022,Series D,United States,248
SummerBio,SF Bay Area,Healthcare,101,1,6/20/2022,Unknown,United States,7
Trax,Singapore,Retail,100,0.12,6/20/2022,Series E,Singapore,1000
Aqgromalin,Chennai,Food,80,0.3,6/20/2022,Unknown,India,12
Bonsai,Toronto,Retail,30,0.55,6/20/2022,Series A,Canada,27
Brighte,Sydney,Energy,30,0.15,6/20/2022,Series C,Australia,145
CityMall,Gurugram,Retail,191,0.3,6/19/2022,Series C,India,112
BitOasis,Dubai,Crypto,9,0.05,6/19/2022,Series B,United Arab Emirates,30
Unacademy,Bengaluru,Education,150,0.03,6/18/2022,Series H,India,838
Socure,Reno,Finance,69,0.13,6/17/2022,Series E,United States,646
Finite State,Columbus,Security,16,0.2,6/17/2022,Series B,United States,49
JOKR,New York City,Food,50,0.05,6/16/2022,Series B,United States,430
Zumper,SF Bay Area,Real Estate,45,0.15,6/16/2022,Series D,United States,178
Swappie,Helsinki,Retail,250,0.17,6/15/2022,Series C,Finland,169
Wealthsimple,Toronto,Finance,159,0.13,6/15/2022,Unknown,Canada,900
Weee!,SF Bay Area,Food,150,0.1,6/15/2022,Series E,United States,863
Notarize,Boston,Legal,110,0.25,6/15/2022,Series D,United States,213
Elementor,Tel Aviv,Media,60,0.15,6/15/2022,Unknown,Israel,65
Tonkean,SF Bay Area,Other,23,0.23,6/15/2022,Series B,United States,83
OpenWeb,Tel Aviv,Media,14,0.05,6/15/2022,Series E,Israel,223
Swyft,Toronto,Logistics,10,0.3,6/15/2022,Series A,Canada,20
Coinbase,SF Bay Area,Crypto,1100,0.18,6/14/2022,IPO,United States,549
Redfin,Seattle,Real Estate,470,0.08,6/14/2022,IPO,United States,319
Compass,New York City,Real Estate,450,0.1,6/14/2022,IPO,United States,1600
Sami,Sao Paulo,Healthcare,75,0.15,6/14/2022,Unknown,Brazil,36
Breathe,New Delhi,Healthcare,50,0.33,6/14/2022,Series A,India,6
TIFIN,Boulder,Crypto,24,0.1,6/14/2022,Series D,United States,204
BlockFi,New York City,Crypto,250,0.2,6/13/2022,Series E,United States,1000
Wave Sports and Entertainment,Los Angeles,Media,56,0.33,6/13/2022,Series B,United States,65
Studio,SF Bay Area,Education,33,0.4,6/13/2022,Series B,United States,50
Crypto.com,Singapore,Crypto,260,0.05,6/10/2022,Unknown,Singapore,156
FarEye,New Delhi,Logistics,250,0.3,6/10/2022,Series E,India,150
Berlin Brands Group,Berlin,Retail,100,0.1,6/10/2022,Unknown,Germany,1000
Sanar,Sao Paulo,Healthcare,60,0.2,6/10/2022,Unknown,Brazil,11
Freetrade,London,Finance,45,0.15,6/10/2022,Unknown,United Kingdom,133
Albert,Los Angeles,Finance,20,0.08,6/10/2022,Series C,United States,175
OneTrust,Atlanta,Security,950,0.25,6/9/2022,Series C,United States,926
Stitch Fix,SF Bay Area,Retail,330,0.15,6/9/2022,IPO,United States,79
Convoy,Seattle,Logistics,90,0.07,6/9/2022,Series E,United States,1100
Hologram,Chicago,Infrastructure,80,0.4,6/9/2022,Series B,United States,82
Boozt,Malmo,Retail,70,0.05,6/9/2022,IPO,Sweden,56
The Grommet,Boston,Retail,40,1,6/9/2022,Acquired,United States,5
Stashaway,Singapore,Finance,31,0.14,6/9/2022,Series D,Singapore,61
Preply,Boston,Education,26,0.05,6/9/2022,Series C,United States,100
Sonder,SF Bay Area,Travel,250,0.21,6/8/2022,IPO,United States,839
Truepill,SF Bay Area,Healthcare,150,0.15,6/8/2022,Series D,United States,255
iPrice Group,Kuala Lumpur,Retail,50,0.2,6/8/2022,Unknown,Malaysia,26
Cazoo,London,Transportation,750,0.15,6/7/2022,IPO,United Kingdom,2000
Cazoo,London,Transportation,750,0.15,6/7/2022,IPO,United Kingdom,2000
Rupeek,Bengaluru,Finance,180,0.15,6/7/2022,Unknown,India,172
Bird,Los Angeles,Transportation,138,0.23,6/7/2022,IPO,United States,783
Dutchie,Bend,Other,50,0.07,6/6/2022,Series D,United States,603
Superhuman,SF Bay Area,Consumer,23,0.22,6/3/2022,Series C,United States,108
Food52,New York City,Food,21,0.15,6/3/2022,Acquired,United States,176
Carbon Health,SF Bay Area,Healthcare,250,0.08,6/2/2022,Series D,United States,522
PolicyGenius,New York City,Finance,170,0.25,6/2/2022,Series E,United States,286
Yojak,Gurugram,Construction,140,0.5,6/2/2022,Seed,India,3
Gemini,New York City,Crypto,100,0.1,6/2/2022,Unknown,United States,423
Stord,Atlanta,Logistics,59,0.08,6/2/2022,Series D,United States,325
Gather,SF Bay Area,Consumer,30,0.33,6/2/2022,Series B,United States,76
IRL,SF Bay Area,Consumer,25,0.25,6/2/2022,Series C,United States,197
Cybereason,Boston,Security,100,0.06,6/1/2022,Series F,United States,750
Udayy,Gurugram,Education,100,1,6/1/2022,Seed,India,2
2TM,Sao Paulo,Crypto,90,0.12,6/1/2022,Unknown,Brazil,250
Curve,London,Finance,65,0.1,6/1/2022,Series C,United Kingdom,182
Loom,SF Bay Area,Product,34,0.14,6/1/2022,Series C,United States,203
Impala,London,Travel,30,0.35,6/1/2022,Series B,United Kingdom,32
Tomo,Stamford,Finance,44,0.33,5/31/2022,Series A,United States,110
BookClub,Salt Lake City,Education,12,0.25,5/31/2022,Series A,United States,26
SWVL,Dubai,Transportation,400,0.32,5/30/2022,IPO,United Arab Emirates,132
Mobile Premier League,Bengaluru,Consumer,100,0.1,5/30/2022,Series E,India,375
SumUp,Sao Paulo,Finance,100,0.03,5/30/2022,Unknown,Brazil,50
FrontRow,Bengaluru,Education,145,0.3,5/27/2022,Series A,India,17
Uncapped,London,Finance,29,0.26,5/27/2022,Unknown,United Kingdom,118
VTEX,Sao Paulo,Retail,200,0.13,5/26/2022,IPO,Brazil,365
Bitso,Mexico City,Crypto,80,0.11,5/26/2022,Series C,Mexico,378
Lacework,SF Bay Area,Security,300,0.2,5/25/2022,Series D,United States,1900
Bolt,SF Bay Area,Finance,240,0.27,5/25/2022,Series E,United States,1300
Kontist,Berlin,Finance,50,0.25,5/25/2022,Series B,Germany,53
Nuri,Berlin,Finance,45,0.2,5/25/2022,Series B,Germany,42
Coterie Insurance,Cincinnati,Finance,30,0.2,5/25/2022,Series B,United States,70
Gorillas,Berlin,Food,300,0.5,5/24/2022,Series C,Germany,1300
Klarna,Stockholm,Finance,700,0.1,5/23/2022,Unknown,Sweden,3700
Buenbit,Buenos Aires,Crypto,80,0.45,5/23/2022,Series A,Argentina,11
BeyondMinds,Tel Aviv,Data,65,1,5/23/2022,Series A,Israel,16
ClickUp,San Diego,Other,60,0.07,5/23/2022,Series C,United States,537
Airtime,New York City,Consumer,30,0.2,5/23/2022,Series B,United States,33
MFine,Bengaluru,Healthcare,600,0.75,5/21/2022,Series C,India,97
Latch,New York City,Security,130,0.28,5/20/2022,IPO,United States,342
Outside,Boulder,Media,87,0.15,5/20/2022,Series B,United States,174
Skillz,SF Bay Area,Consumer,70,0.1,5/20/2022,IPO,United States,287
Cars24,Gurugram,Transportation,600,0.06,5/19/2022,Series G,India,1300
Vedantu,Bengaluru,Education,424,0.07,5/18/2022,Series E,India,292
Netflix,SF Bay Area,Media,150,0.01,5/17/2022,IPO,United States,121900
Kry,Stockholm,Healthcare,100,0.1,5/17/2022,Series D,Sweden,568
Picsart,Miami,Consumer,90,0.08,5/17/2022,Series C,United States,195
Zak,Sao Paulo,Food,100,0.4,5/16/2022,Series A,United States,29
AliExpress Russia,Moscow,Retail,400,0.4,5/14/2022,Acquired,Russia,60
DataRobot,Boston,Data,70,0.07,5/11/2022,Series G,United States,1000
Carvana,Phoenix,Transportation,2500,0.12,5/10/2022,IPO,United States,1600
Doma,SF Bay Area,Finance,310,0.15,5/10/2022,IPO,United States,679
Pollen,London,Travel,200,0.33,5/10/2022,Series C,United Kingdom,238
Latch,New York City,Security,30,0.06,5/10/2022,IPO,United States,342
Vroom,New York City,Transportation,270,0.14,5/9/2022,IPO,United States,1300
Reef,Miami,Transportation,750,0.05,5/6/2022,Unknown,United States,1500
Vedantu,Bengaluru,Education,200,0.03,5/5/2022,Series E,India,292
Mural,SF Bay Area,Product,90,0.1,5/5/2022,Series C,United States,192
On Deck,SF Bay Area,Education,72,0.25,5/5/2022,Series A,United States,20
SEND,Sydney,Food,300,1,5/4/2022,Seed,Australia,3
Cameo,Chicago,Consumer,87,0.25,5/4/2022,Unknown,United States,165
Mainstreet,SF Bay Area,Finance,45,0.3,5/4/2022,Series A,United States,64
Avo,Tel Aviv,Food,500,0.67,5/1/2022,Series B,Israel,45
Domestika,SF Bay Area,Education,150,0.19,4/28/2022,Series D,United States,130
Robinhood,SF Bay Area,Finance,340,0.09,4/26/2022,IPO,United States,5600
Bonsai,Toronto,Retail,29,0.34,4/26/2022,Series A,Canada,27
Xiaohongshu,Shanghai,Consumer,180,0.09,4/21/2022,Series E,China,917
Facily,Sao Paulo,Retail,260,0.3,4/20/2022,Series D,Brazil,502
Blend,SF Bay Area,Finance,200,0.1,4/19/2022,IPO,United States,665
QuintoAndar,Sao Paulo,Real Estate,160,0.04,4/19/2022,Series E,Brazil,755
Ahead,SF Bay Area,Healthcare,44,1,4/14/2022,Unknown,United States,9
Rad Power Bikes,Seattle,Transportation,100,0.14,4/12/2022,Series D,United States,329
Food52,New York City,Food,20,0.1,4/8/2022,Acquired,United States,176
Unacademy,Bengaluru,Education,1000,0.17,4/7/2022,Series H,India,838
BitMEX,Non-U.S.,Crypto,75,0.25,4/4/2022,Seed,Seychelles,0
Legible,Vancouver,Media,23,0.38,4/4/2022,IPO,Canada,3
Rasa,Berlin,Data,59,0.4,3/30/2022,Series B,Germany,40
Gopuff,Philadelphia,Food,450,0.03,3/29/2022,Series H,United States,3400
Thinkific,Vancouver,Education,100,0.2,3/29/2022,IPO,Canada,22
Storytel,Stockholm,Media,100,0.1,3/17/2022,IPO,Sweden,275
Trell,Bengaluru,Retail,300,0.5,3/15/2022,Series B,India,62
Knock,New York City,Real Estate,115,0.46,3/15/2022,Unknown,United States,654
Better.com,New York City,Real Estate,3000,0.33,3/8/2022,Unknown,United States,905
Adaptive Biotechnologies,Seattle,Healthcare,100,0.12,3/8/2022,IPO,United States,406
Hyperscience,New York City,Data,100,0.25,3/3/2022,Series E,United States,289
Wish,SF Bay Area,Retail,190,0.15,3/1/2022,IPO,United States,1600
Virgin Hyperloop,Los Angeles,Transportation,111,0.5,2/21/2022,Unknown,United States,368
Liv Up,Sao Paulo,Food,100,0.15,2/16/2022,Series D,Brazil,118
Homie,Salt Lake City,Real Estate,119,0.29,2/14/2022,Series B,United States,35
Hopin,London,Other,138,0.12,2/10/2022,Series D,United States,1000
Peloton,New York City,Fitness,2800,0.2,2/8/2022,IPO,United States,1900
Rhino,New York City,Real Estate,57,0.2,2/3/2022,Unknown,United States,133
Glossier,New York City,Consumer,80,0.33,1/26/2022,Series E,United States,266
Better.com,New York City,Real Estate,900,0.09,12/1/2021,Unknown,United States,905
BitTitan,Seattle,Data,70,0.27,11/18/2021,Acquired,United States,46
Zillow,Seattle,Real Estate,2000,0.25,11/2/2021,IPO,United States,97
Treehouse,Portland,Education,41,0.9,9/14/2021,Series B,United States,12
Flockjay,SF Bay Area,Education,37,0.5,8/24/2021,Series A,United States,14
Katerra,SF Bay Area,Construction,2434,1,6/1/2021,Unknown,United States,1600
New Relic,SF Bay Area,Infrastructure,160,0.07,4/6/2021,IPO,United States,214.5
Bounce,Bengaluru,Transportation,200,0.4,2/22/2021,Series D,India,214.2
Quandoo,Berlin,Food,87,0.2,2/3/2021,Acquired,Germany,39
Hubba,Toronto,Retail,45,1,2/1/2021,Series B,Canada,61
Postmates,SF Bay Area,Food,180,0.15,1/23/2021,Acquired,United States,763
Pocketmath,Singapore,Marketing,21,1,1/20/2021,Unknown,Singapore,20
Dropbox,SF Bay Area,Other,315,0.15,1/13/2021,IPO,United States,1700
Breather,Montreal,Real Estate,120,0.8,12/16/2020,Series D,Canada,131
Aya,Toronto,Finance,5,0.25,11/19/2020,Seed,United States,3
Bridge Connector,Nashville,Healthcare,154,1,11/17/2020,Series B,United States,45
Worksmith,Austin,Retail,30,0.5,11/9/2020,Unknown,United States,3.8
Knotel,New York City,Real Estate,20,0.08,10/29/2020,Series C,United States,560
GetYourGuide,Berlin,Travel,90,0.17,10/14/2020,Series E,Germany,656
Alto Pharmacy,SF Bay Area,Healthcare,47,0.06,9/29/2020,Series D,United States,356
NS8,Las Vegas,Data,240,0.95,9/11/2020,Series A,United States,157.9
Waze,SF Bay Area,Transportation,30,0.054,9/9/2020,Acquired,United States,67
GoBear,Singapore,Finance,22,0.11,9/1/2020,Unknown,Singapore,97
MakeMyTrip,New Delhi,Travel,350,0.1,8/31/2020,IPO,India,548
Salesforce,SF Bay Area,Sales,1000,0.0185,8/26/2020,IPO,United States,65.4
Docly,London,Healthcare,8,0.8,8/19/2020,Seed,United Kingdom,15.5
Mozilla,SF Bay Area,Consumer,250,0.25,8/11/2020,Unknown,United States,2.3
Eatsy,Singapore,Food,20,1,8/8/2020,Seed,Singapore,0.9755
Glossier,New York City,Retail,150,0.38,8/7/2020,Series D,United States,186.4
Thriver,Toronto,Food,75,0.5,8/6/2020,Series B,Canada,53
Buy.com / Rakuten,SF Bay Area,Retail,87,1,7/30/2020,Acquired,United States,42.4
Procore,Los Angeles,Construction,180,0.09,7/28/2020,Unknown,United States,649
Swiggy,Bengaluru,Food,350,0.05,7/27/2020,Series I,India,1600
Zeitgold,Berlin,Finance,75,0.72,7/27/2020,Series B,Germany,60.18
Checkr,SF Bay Area,HR,64,0.12,7/23/2020,Series D,United States,309
LinkedIn,SF Bay Area,Recruiting,960,0.06,7/21/2020,Acquired,United States,154
Lighter Capital,Seattle,Finance,22,0.49,7/20/2020,Series B,United States,15
Optimizely,SF Bay Area,Marketing,60,0.15,7/15/2020,Series D,United States,251.2
Skyscanner,Edinburgh,Travel,300,0.2,7/14/2020,Acquired,United Kingdom,197.2
Zilingo,Singapore,Retail,100,0.12,7/9/2020,Series D,Singapore,307
G2,Chicago,Marketing,17,0.05,6/30/2020,Series C,United States,100.8
Katerra,SF Bay Area,Construction,400,0.07,6/29/2020,Series E,United States,1300
Bounce,Bengaluru,Transportation,130,0.22,6/29/2020,Series D,India,214.2
Sonos,New York City,Consumer,174,0.12,6/24/2020,IPO,United States,455.2
Gojek,Jakarta,Transportation,430,0.09,6/23/2020,Series F,Indonesia,4800
ScaleFactor,Austin,Finance,90,0.9,6/23/2020,Series C,United States,103
Dark,SF Bay Area,Product,6,1,6/23/2020,Seed,United States,3
Intuit,SF Bay Area,Finance,715,0.07,6/22/2020,IPO,United States,18
Navi,Bengaluru,Finance,40,0.25,6/17/2020,Private Equity,India,582
PaisaBazaar,Gurugram,Finance,1500,0.5,6/16/2020,Series G,India,496
Grab,Singapore,Transportation,360,0.05,6/16/2020,Series I,Singapore,9900
Splunk,SF Bay Area,Data,70,0.01,6/16/2020,IPO,United States,40
Redox,Madison,Healthcare,44,0.25,6/16/2020,Series C,United States,50
Uber,Amsterdam,Transportation,225,0.25,6/12/2020,IPO,Netherlands,24700
SynapseFI,SF Bay Area,Finance,63,0.48,6/12/2020,Series B,United States,50
Branch,New York City,Retail,3,0.27,6/11/2020,Seed,United States,2
The Athletic,SF Bay Area,Media,46,0.08,6/5/2020,Series D,United States,139
Ethos Life,SF Bay Area,Finance,18,0.14,6/5/2020,Series C,United States,106
Lastline,SF Bay Area,Security,50,0.4,6/4/2020,Series C,United States,52
Builder,Los Angeles,Product,39,0.14,6/4/2020,Series A,United States,29
Monzo,London,Finance,120,0.08,6/3/2020,Series F,United Kingdom,324
SpotHero,Chicago,Transportation,40,0.21,6/3/2020,Series D,United States,117
Credit Sesame,SF Bay Area,Finance,22,0.14,6/3/2020,Series F,United States,120
Rivian,Detroit,Transportation,40,0.02,6/2/2020,Private Equity,United States,3100
Fundbox,SF Bay Area,Finance,14,0.15,6/2/2020,Series C,United States,453
Descartes Labs,Santa Fe,Data,12,0.16,6/2/2020,Series B,United States,58
Stitch Fix,SF Bay Area,Retail,1400,0.18,6/1/2020,IPO,United States,79
MakeMyTrip,Gurugram,Travel,350,0.1,6/1/2020,IPO,India,548
CrowdStreet,Portland,Real Estate,24,0.22,6/1/2020,Series C,United States,24
Brex,SF Bay Area,Finance,62,0.15,5/29/2020,Series C,United States,732
Loftium,Seattle,Real Estate,32,0.6,5/29/2020,Series A,United States,17
BookMyShow,Mumbai,Consumer,270,0.18,5/28/2020,Unknown,India,224
TrueCar,Los Angeles,Transportation,219,0.3,5/28/2020,IPO,United States,340
Culture Amp,Melbourne,HR,36,0.08,5/28/2020,Series E,Australia,157
The Sill,New York City,Retail,20,0.25,5/28/2020,Series A,United States,7
Instructure,Salt Lake City,Education,150,0.12,5/27/2020,Acquired,United States,89
Ebanx,Curitiba,Finance,62,0.08,5/27/2020,Unknown,Brazil,30
Uber,Bengaluru,Transportation,600,0.23,5/26/2020,IPO,India,24700
Bluprint,Denver,Education,137,1,5/26/2020,Acquired,United States,108
Cvent,Washington D.C.,Marketing,400,0.1,5/21/2020,Acquired,United States,146
PickYourTrail,Chennai,Travel,70,0.35,5/21/2020,Series A,India,3
Glitch,New York City,Product,18,0.36,5/21/2020,Series A,United States,30
Ola,Bengaluru,Transportation,1400,0.35,5/20/2020,Series J,India,3800
Samsara,SF Bay Area,Logistics,300,0.18,5/20/2020,Series F,United States,530
Stay Alfred,Spokane,Travel,221,1,5/20/2020,Series B,United States,62
SoFi,SF Bay Area,Finance,112,0.07,5/20/2020,Private Equity,United States,2500
ShareChat,Bengaluru,Marketing,101,0.25,5/20/2020,Series D,India,222
Intercom,SF Bay Area,Support,39,0.06,5/20/2020,Series D,United States,240
Livspace,Bengaluru,Retail,450,0.15,5/19/2020,Series D,India,157
Pollen,London,Travel,69,0.31,5/19/2020,Series B,United Kingdom,88
Uber,SF Bay Area,Transportation,3000,0.13,5/18/2020,IPO,United States,24700
Swiggy,Bengaluru,Food,1100,0.14,5/18/2020,Series I,India,1600
WeWork,New Delhi,Real Estate,100,0.2,5/18/2020,Series H,India,19500
Zomato,Gurugram,Food,520,0.13,5/15/2020,Series J,India,914
Lendingkart,Ahmedabad,Finance,500,0.5,5/15/2020,Unknown,India,200
Lattice,SF Bay Area,HR,16,0.1,5/15/2020,Series C,United States,49
Cruise,SF Bay Area,Transportation,150,0.08,5/14/2020,Acquired,United States,5300
Integral Ad Science,New York City,Marketing,70,0.1,5/14/2020,Acquired,United States,116
Ridecell,SF Bay Area,Transportation,35,0.15,5/14/2020,Series B,United States,73
Deliv,SF Bay Area,Retail,669,1,5/13/2020,Series C,United States,80
Mercos,Joinville,Sales,51,0.4,5/13/2020,Unknown,Brazil,2
Kickstarter,New York City,Finance,25,0.18,5/13/2020,Unknown,United States,10
Zeus Living,SF Bay Area,Real Estate,73,0.5,5/12/2020,Series B,United States,79
Mixpanel,SF Bay Area,Data,65,0.19,5/12/2020,Series B,United States,77
Hireology,Chicago,Recruiting,36,0.17,5/12/2020,Series D,United States,52
Top Hat,Toronto,Education,16,0.03,5/12/2020,Series D,Canada,104
Revolut,London,Finance,60,0.03,5/11/2020,Series D,United Kingdom,837
Cadre,New York City,Real Estate,28,0.25,5/11/2020,Series C,United States,133
N26,New York City,Finance,9,0.01,5/8/2020,Series D,United States,782
Jump,New York City,Transportation,500,1,5/7/2020,Acquired,United States,11
Glassdoor,SF Bay Area,Recruiting,300,0.3,5/7/2020,Acquired,United States,204
Numbrs,Zurich,Finance,62,0.5,5/7/2020,Series B,Switzerland,78
Flywire,Boston,Finance,60,0.12,5/7/2020,Series E,United States,263
Tally,SF Bay Area,Finance,28,0.23,5/7/2020,Series C,United States,92
Uber,SF Bay Area,Transportation,3700,0.14,5/6/2020,IPO,United States,24700
Rubicon Project,Los Angeles,Marketing,50,0.08,5/6/2020,IPO,United States,60
Segment,SF Bay Area,Data,50,0.1,5/6/2020,Series D,United States,283
Airbnb,SF Bay Area,Travel,1900,0.25,5/5/2020,Private Equity,United States,5400
Juul,SF Bay Area,Consumer,900,0.3,5/5/2020,Unknown,United States,1500
Andela,New York City,Recruiting,135,0.1,5/5/2020,Series D,United States,181
Stack Overflow,New York City,Recruiting,40,0.15,5/5/2020,Series D,United States,68
Workable,Boston,Recruiting,25,0.1,5/5/2020,Series C,United States,84
CureFit,Bengaluru,Fitness,800,0.16,5/4/2020,Series D,India,404
Careem,Dubai,Transportation,536,0.31,5/4/2020,Acquired,United Arab Emirates,771
Oriente,Hong Kong,Finance,400,0.2,5/4/2020,Series B,Hong Kong,175
Veriff,Tallin,Security,63,0.21,5/4/2020,Series A,Estonia,7
Element AI,Montreal,Other,62,0.15,5/4/2020,Series B,Canada,257
Deputy,Sydney,HR,60,0.3,5/4/2020,Series B,Australia,106
Loopio,Toronto,Sales,11,0.08,5/4/2020,Series A,Canada,11
Trax,Tel Aviv,Retail,120,0.1,5/3/2020,Series D,Israel,386
Namely,New York City,HR,110,0.4,5/1/2020,Series E,United States,217
Culture Trip,London,Media,95,0.32,5/1/2020,Series B,United Kingdom,102
Sandbox VR,SF Bay Area,Consumer,80,0.8,5/1/2020,Series A,United States,82
TheSkimm,New York City,Media,26,0.2,5/1/2020,Series C,United States,28
Lyft,SF Bay Area,Transportation,982,0.17,4/29/2020,IPO,United States,4900
Kayak / OpenTable,Stamford,Travel,160,0.08,4/29/2020,Acquired,United States,229
Lime,SF Bay Area,Transportation,80,0.13,4/29/2020,Series D,United States,765
Transfix,New York City,Logistics,24,0.1,4/29/2020,Series D,United States,128
TripAdvisor,Boston,Travel,900,0.25,4/28/2020,IPO,United States,3
Deliveroo,London,Food,367,0.15,4/28/2020,Series G,United Kingdom,1500
App Annie,SF Bay Area,Data,80,0.18,4/28/2020,Unknown,United States,156
OpenX,Los Angeles,Marketing,35,0.15,4/28/2020,Unknown,United States,70
PayJoy,SF Bay Area,Finance,27,0.25,4/28/2020,Series B,United States,71
Shipsi,Los Angeles,Retail,20,0.5,4/28/2020,Seed,United States,2
Automation Anywhere,SF Bay Area,Other,260,0.1,4/27/2020,Series B,United States,840
JetClosing,Seattle,Real Estate,20,0.2,4/27/2020,Series A,United States,24
Submittable,Missoula,Other,30,0.2,4/25/2020,Series B,United States,17
Divergent 3D,Los Angeles,Transportation,57,0.36,4/24/2020,Series B,United States,88
Ada Support,Toronto,Support,36,0.23,4/24/2020,Series B,Canada,60
UPshow,Chicago,Marketing,19,0.3,4/24/2020,Series A,United States,7
Lighter Capital,Seattle,Finance,18,0.22,4/24/2020,Series B,United States,15
Horizn Studios,Berlin,Travel,15,0.25,4/24/2020,Series B,Germany,30
Welkin Health,SF Bay Area,Healthcare,10,0.33,4/24/2020,Series B,United States,29
Jiobit,Chicago,Consumer,6,0.21,4/24/2020,Unknown,United States,12
TutorMundi,Sao Paulo,Education,4,1,4/24/2020,Series A,Brazil,2
StockX,Detroit,Retail,100,0.12,4/23/2020,Series C,United States,160
Zenefits,SF Bay Area,HR,87,0.15,4/23/2020,Series C,United States,583
Sisense,New York City,Data,80,0.09,4/23/2020,Series F,United States,274
Oscar Health,New York City,Healthcare,70,0.05,4/23/2020,Unknown,United States,1300
Magic Leap,Miami,Consumer,1000,0.5,4/22/2020,Series E,United States,2600
When I Work,Minneapolis,HR,55,0.35,4/22/2020,Series B,United States,24
Ike,SF Bay Area,Transportation,10,0.14,4/22/2020,Series A,United States,52
Nearmap,Sydney,Construction,,0.1,4/22/2020,IPO,Australia,15
Lending Club,SF Bay Area,Finance,460,0.3,4/21/2020,IPO,United States,392
Houzz,SF Bay Area,Consumer,155,0.1,4/21/2020,Series E,United States,613
Casper,New York City,Retail,78,0.21,4/21/2020,IPO,United States,339
RealSelf,Seattle,Healthcare,40,0.13,4/21/2020,Series B,United States,42
Freshbooks,Toronto,Finance,38,0.09,4/21/2020,Series B,Canada,75
Patreon,SF Bay Area,Media,30,0.13,4/21/2020,Series D,United States,165
Bringg,Tel Aviv,Logistics,10,0.1,4/21/2020,Series D,Israel,84
Klook,Hong Kong,Travel,300,0.15,4/20/2020,Series D,Hong Kong,521
ConsenSys,New York City,Crypto,91,0.14,4/20/2020,Unknown,United States,10
GumGum,Los Angeles,Marketing,90,0.25,4/20/2020,Series D,United States,58
Kueski,Guadalajara,Finance,90,0.3,4/20/2020,Series B,Mexico,38
Movidesk,Blumenau,Support,33,0.25,4/20/2020,Seed,Brazil,1
Komodo Health,SF Bay Area,Healthcare,23,0.09,4/20/2020,Series C,United States,50
Forward,SF Bay Area,Healthcare,10,0.03,4/20/2020,Series C,United States,100
ContaAzul,Joinville,Education,140,0.35,4/17/2020,Series D,Brazil,37
Greenhouse Software,New York City,Recruiting,120,0.28,4/17/2020,Series D,United States,110
QuintoAndar,Sao Paulo,Real Estate,88,0.08,4/17/2020,Series D,Brazil,335
Loft,Sao Paulo,Real Estate,47,0.1,4/17/2020,Series C,Brazil,263
Zilingo,Singapore,Retail,44,0.05,4/17/2020,Series D,Singapore,307
Sweetgreen,Los Angeles,Food,35,0.1,4/17/2020,Series I,United States,478
People.ai,SF Bay Area,Marketing,30,0.18,4/17/2020,Series C,United States,100
Tor,Boston,Security,13,0.37,4/17/2020,Unknown,United States,1
CarGurus,Boston,Transportation,130,0.13,4/16/2020,IPO,United States,1
Funding Societies,Singapore,Finance,65,0.18,4/16/2020,Series B,Singapore,42
CleverTap,Mumbai,Marketing,60,0.2,4/16/2020,Series C,India,76
Purse,SF Bay Area,Crypto,,1,4/16/2020,Seed,United States,1
Opendoor,SF Bay Area,Real Estate,600,0.35,4/15/2020,Series E,United States,1500
GoPro,SF Bay Area,Consumer,200,0.2,4/15/2020,IPO,United States,288
Shop101,Mumbai,Retail,200,0.4,4/15/2020,Series C,India,19
Zume,SF Bay Area,Food,200,0.67,4/15/2020,Unknown,United States,423
Carta,SF Bay Area,Finance,161,0.16,4/15/2020,Series E,United States,447
Parsable,SF Bay Area,HR,40,0.25,4/15/2020,Series C,United States,72
Kodiak Robotics,SF Bay Area,Transportation,15,0.2,4/15/2020,Series A,United States,40
The RealReal,SF Bay Area,Retail,235,0.1,4/14/2020,IPO,United States,358
TouchBistro,Toronto,Food,131,0.23,4/14/2020,Series E,Canada,224
Envoy,SF Bay Area,HR,58,0.3,4/14/2020,Series B,United States,59
VSCO,SF Bay Area,Consumer,45,0.35,4/14/2020,Series B,United States,90
Groupon,Chicago,Retail,2800,0.44,4/13/2020,IPO,United States,1400
Zoox,SF Bay Area,Transportation,100,0.1,4/13/2020,Series B,United States,955
Neon,Sao Paulo,Finance,70,0.1,4/13/2020,Series B,Brazil,120
EasyPost,SF Bay Area,Logistics,50,0.25,4/13/2020,Series A,United States,12
Clearbanc,Toronto,Finance,17,0.08,4/13/2020,Series B,Canada,119
Frontdesk,Milwaukee,Travel,35,0.16,4/10/2020,Unknown,United States,3
NuoDB,Boston,Data,20,0.29,4/10/2020,Unknown,United States,85
Rhumbix,SF Bay Area,Construction,16,0.27,4/10/2020,Series B,United States,35
Atsu,Seattle,Infrastructure,6,1,4/10/2020,Unknown,United States,1
Yelp,SF Bay Area,Consumer,1000,0.17,4/9/2020,IPO,United States,56
OneTrust,Atlanta,Legal,150,0.1,4/9/2020,Series B,United States,410
Omie,Sao Paulo,Finance,136,0.31,4/9/2020,Series B,Brazil,26
Domo,Salt Lake City,Data,90,0.1,4/9/2020,IPO,United States,689
Matterport,SF Bay Area,Data,90,0.34,4/9/2020,Series D,United States,114
Clinc,Ann Arbor,Support,40,0.32,4/9/2020,Series B,United States,59
Mejuri,Toronto,Retail,36,0.15,4/9/2020,Series B,Canada,28
Code42,Minneapolis,Data,25,0.05,4/9/2020,Series B,United States,137.5
LoopMe,London,Marketing,8,0.04,4/9/2020,Unknown,United Kingdom,32
Eventbrite,SF Bay Area,Consumer,500,0.45,4/8/2020,IPO,United States,332
Meesho,Bengaluru,Retail,200,0.28,4/8/2020,Series D,India,215
Scoop,SF Bay Area,Transportation,92,0.33,4/8/2020,Series C,United States,95
Unison,SF Bay Area,Finance,89,0.45,4/8/2020,Series B,United States,40
Lever,SF Bay Area,Recruiting,86,0.4,4/8/2020,Series C,United States,72
Unbabel,Lisbon,Support,80,0.35,4/8/2020,Series C,Portugal,91
Button,New York City,Marketing,48,0.35,4/8/2020,Series C,United States,64
Eden / Managed By Q,New York City,Real Estate,40,0.4,4/8/2020,Series B,United States,40
Quantcast,SF Bay Area,Marketing,30,0.05,4/8/2020,Series C,United States,65
VideoAmp,Los Angeles,Marketing,21,0.1,4/8/2020,Series C,United States,106
Kenoby,Sao Paulo,Recruiting,18,0.16,4/8/2020,Unknown,Brazil,23
GetNinjas,Sao Paulo,Consumer,11,0.1,4/8/2020,Series B,Brazil,16
Spyce,Boston,Food,4,0.12,4/8/2020,Series A,United States,26
RedDoorz,Singapore,Travel,,0.1,4/8/2020,Series C,Singapore,134
Zola,New York City,Retail,,0.2,4/8/2020,Series D,United States,140
Toast,Boston,Food,1300,0.5,4/7/2020,Series F,United States,902
ezCater,Boston,Food,400,0.44,4/7/2020,Series D,United States,319
Sage Therapeutics,Boston,Healthcare,340,0.53,4/7/2020,IPO,United States,438
Redfin,Seattle,Real Estate,236,0.07,4/7/2020,IPO,United States,319
Branch Metrics,SF Bay Area,Marketing,100,0.2,4/7/2020,Series E,United States,367
Ibotta,Denver,Retail,87,0.15,4/7/2020,Series D,United States,85
Away,New York City,Retail,60,0.1,4/7/2020,Series D,United States,181
MediaMath,New York City,Marketing,53,0.08,4/7/2020,Private Equity,United States,607
Group Nine Media,New York City,Media,50,0.07,4/7/2020,Unknown,United States,190
Metromile,SF Bay Area,Finance,100,0.33,4/6/2020,Series E,United States,293
Rock Content,Belo Horizonte,Marketing,100,0.2,4/6/2020,Series A,Brazil,0.7
BounceX,New York City,Marketing,77,0.2,4/6/2020,Series B,United States,75
Wordstream,Boston,Marketing,26,0.1,4/6/2020,Acquired,United States,28
Cogito,Boston,Support,24,0.14,4/6/2020,Series C,United States,92
BusBud,Montreal,Transportation,23,0.32,4/6/2020,Series B,Canada,21
Borrowell,Toronto,Finance,15,0.2,4/6/2020,Series B,Canada,72
PerkSpot,Chicago,HR,10,0.1,4/6/2020,Private Equity,United States,50
Astra,SF Bay Area,Aerospace,40,0.25,4/5/2020,Unknown,United States,100
Iflix,Kuala Lumpur,Consumer,50,0.12,4/4/2020,Unknown,Malaysia,348
Gympass,Sao Paulo,Fitness,467,0.33,4/3/2020,Series D,Brazil,300
Sojern,SF Bay Area,Marketing,300,0.5,4/3/2020,Series D,United States,162
Minted,SF Bay Area,Retail,147,0.37,4/3/2020,Series E,United States,297
Arrive Logistics,Austin,Logistics,75,0.07,4/3/2020,Series B,United States,35
Salsify,Boston,Retail,60,0.13,4/3/2020,Series D,United States,97
Jetty,New York City,Finance,35,0.4,4/3/2020,Series B,United States,40
D2iQ,SF Bay Area,Infrastructure,34,0.13,4/3/2020,Series D,United States,247
Bustle Digital Group,New York City,Media,24,0.08,4/3/2020,Series E,United States,80
Opencare,Toronto,Healthcare,18,0.25,4/3/2020,Series A,Canada,24
MindBody,San Luis Obispo,Fitness,700,0.35,4/2/2020,IPO,United States,114
Katerra,SF Bay Area,Construction,240,0.03,4/2/2020,Series D,United States,1200
Ritual,Toronto,Food,196,0.54,4/2/2020,Series C,Canada,112
ClassPass,New York City,Fitness,154,0.22,4/2/2020,Series E,United States,549
eGym,Munich,Fitness,100,0.25,4/2/2020,Series D,Germany,109
Industrious,New York City,Real Estate,90,0.2,4/2/2020,Series D,United States,222
1stdibs,New York City,Retail,70,0.17,4/2/2020,Series D,United States,253
ThirdLove,SF Bay Area,Retail,65,0.3,4/2/2020,Series B,United States,68
The Predictive Index,Boston,HR,59,0.25,4/2/2020,Acquired,United States,65
Jobcase,Boston,Recruiting,39,0.2,4/2/2020,Private Equity,United States,118
Dynamic Signal,SF Bay Area,HR,35,0.19,4/2/2020,Series E,United States,114
Sauce Labs,SF Bay Area,Infrastructure,30,0.15,4/2/2020,Unknown,United States,151
TripleLift,New York City,Marketing,23,0.07,4/2/2020,Series B,United States,16
Coding Dojo,Seattle,Education,7,0.07,4/2/2020,Unknown,United States,2
Instamojo,Bengaluru,Finance,6,0.06,4/2/2020,Unknown,India,8
Synergysuite,Salt Lake City,Food,5,0.07,4/2/2020,Series A,United States,6
The Modist,Dubai,Retail,,1,4/2/2020,Unknown,United Arab Emirates,
PatientPop,Los Angeles,Healthcare,100,0.2,4/1/2020,Series B,United States,75
Showpad,Chicago,Marketing,52,0.12,4/1/2020,Series D,United States,159
Highsnobiety,Berlin,Media,51,0.25,4/1/2020,Series A,Germany,8.5
Earnin,SF Bay Area,Finance,50,0.2,4/1/2020,Series C,United States,190
Wonolo,SF Bay Area,Recruiting,46,0.13,4/1/2020,Series C,United States,52
Acko,Mumbai,Finance,45,0.09,4/1/2020,Unknown,India,143
Aqua Security,Tel Aviv,Security,24,0.09,4/1/2020,Series C,Israel,100
Crayon,Boston,Marketing,20,0.2,4/1/2020,Series A,United States,16
Sensibill,Toronto,Finance,17,0.2,4/1/2020,Series B,Canada,50
Usermind,Seattle,Marketing,15,0.25,4/1/2020,Series C,United States,46
Incredible Health,SF Bay Area,Healthcare,9,0.4,4/1/2020,Series A,United States,15
Pebblepost,New York City,Marketing,,0.6,4/1/2020,Series C,United States,81
WhyHotel,Washington D.C.,Travel,,0.5,4/1/2020,Series B,United States,33
KeepTruckin,SF Bay Area,Logistics,349,0.18,3/31/2020,Series D,United States,227
AdRoll,Salt Lake City,Marketing,210,0.3,3/31/2020,Series C,United States,89
Rover,Seattle,Consumer,194,0.41,3/31/2020,Series G,United States,310
Turo,SF Bay Area,Transportation,108,0.3,3/31/2020,Series E,United States,467
uShip,Austin,Logistics,65,0.37,3/31/2020,Series D,United States,69
Zenoti,Seattle,Fitness,17,0.04,3/31/2020,Series C,United States,91
DialSource,Sacramento,Marketing,5,0.14,3/31/2020,Series B,United States,26
Thumbtack,SF Bay Area,Consumer,250,0.3,3/30/2020,Series F,United States,423
RigUp,Austin,Energy,120,0.25,3/30/2020,Series D,United States,423
FabHotels,New Delhi,Travel,80,0.2,3/30/2020,Series B,India,48
Hibob,Tel Aviv,HR,70,0.3,3/30/2020,Series A,Israel,45
PeerStreet,Los Angeles,Finance,51,0.3,3/30/2020,Series C,United States,110
Maven,Seattle,Media,31,0.09,3/30/2020,IPO,United States,77
Loftsmart,New York City,Real Estate,25,0.75,3/30/2020,Series A,United States,18
Iris Nova,New York City,Food,9,0.5,3/30/2020,Seed,United States,15
ZipRecruiter,Los Angeles,Recruiting,400,0.39,3/29/2020,Series B,United States,219
Amplero,Seattle,Marketing,17,1,3/29/2020,Series B,United States,25
TravelTriangle,Gurugram,Travel,250,0.5,3/28/2020,Series D,India,47
OneWeb,London,Aerospace,451,0.85,3/27/2020,Unknown,United Kingdom,3000
Bird,Los Angeles,Transportation,406,0.3,3/27/2020,Series D,United States,623
HOOQ,Singapore,Consumer,250,1,3/27/2020,Unknown,Singapore,95
Blueground,New York City,Real Estate,130,0.25,3/27/2020,Series B,United States,77
Knotel,New York City,Real Estate,127,0.3,3/27/2020,Series C,United States,560
Getaround,SF Bay Area,Transportation,100,0.25,3/27/2020,Series D,United States,403
Zipcar,Boston,Transportation,100,0.2,3/27/2020,Acquired,United States,107
Mogo,Vancouver,Finance,78,0.3,3/27/2020,IPO,Canada,201
Bench,Vancouver,Finance,47,0.1,3/27/2020,Series B,Canada,49
Bevi,Boston,Food,30,0.2,3/27/2020,Series C,United States,60
Textio,Seattle,Recruiting,30,0.2,3/27/2020,Unknown,United States,41
B8ta,SF Bay Area,Retail,250,0.5,3/26/2020,Series C,United States,88
Puppet,Portland,Infrastructure,50,0.1,3/26/2020,Series F,United States,149
Ecobee,Toronto,Energy,47,0.1,3/26/2020,Series C,Canada,149
Peerspace,SF Bay Area,Real Estate,41,0.75,3/26/2020,Series B,United States,34
GoSpotCheck,Denver,Retail,23,0.2,3/26/2020,Series B,United States,47
Consider.co,SF Bay Area,Other,13,1,3/26/2020,Seed,United States,5
TripActions,SF Bay Area,Travel,300,0.25,3/25/2020,Series D,United States,981
WanderJaunt,SF Bay Area,Travel,56,0.23,3/25/2020,Series B,United States,26
OutboundEngine,Austin,Marketing,52,0.28,3/25/2020,Series C,United States,48
Wonderschool,SF Bay Area,Education,50,0.75,3/25/2020,Series A,United States,24
Overtime,New York City,Media,30,0.23,3/25/2020,Series B,United States,35
Jama,Portland,Product,12,0.05,3/25/2020,Unknown,United States,233
Sonder,SF Bay Area,Travel,400,0.33,3/24/2020,Series D,United States,359
Foodsby,Minneapolis,Food,87,0.67,3/24/2020,Series B,United States,20
Zeus Living,SF Bay Area,Real Estate,80,0.3,3/24/2020,Series B,United States,79
Compass,New York City,Real Estate,375,0.15,3/23/2020,Series G,United States,1600
Convene,New York City,Real Estate,150,0.18,3/23/2020,Series D,United States,280
Leafly,Seattle,Retail,91,0.5,3/23/2020,Acquired,United States,2
The Guild,Austin,Travel,38,0.22,3/23/2020,Series B,United States,36
GrayMeta,Los Angeles,Data,20,0.4,3/23/2020,Unknown,United States,7
Triplebyte,SF Bay Area,Recruiting,15,0.17,3/23/2020,Series B,United States,48
Ladder Life,SF Bay Area,Finance,13,0.25,3/23/2020,Series C,United States,94
Flywheel Sports,New York City,Fitness,784,0.98,3/20/2020,Acquired,United States,120
CTO.ai,Vancouver,Infrastructure,30,0.5,3/20/2020,Seed,Canada,7
Remote Year,Chicago,Travel,50,0.5,3/19/2020,Series B,United States,17
Flytedesk,Boulder,Marketing,4,0.2,3/18/2020,Seed,United States,4
Inspirato,Denver,Travel,130,0.22,3/16/2020,Series C,United States,79
Help.com,Austin,Support,16,1,3/16/2020,Seed,United States,6
HopSkipDrive,Los Angeles,Transportation,8,0.1,3/13/2020,Unknown,United States,45
Panda Squad,SF Bay Area,Consumer,6,0.75,3/13/2020,Seed,United States,1
Tamara Mellon,Los Angeles,Retail,20,0.4,3/12/2020,Series C,United States,90
